FrameNumber, ObjectNumber,Range,Velocity,PeakValue,x,y
0,0,0.000000,0.000000,0.000000,0.000000,0.000000
1,1,0.609375,0.125003,32.000000,0.267578,0.548828
1,2,0.656250,0.125003,48.000000,0.267578,0.599609
1,3,0.609375,-0.125003,30.000000,0.267578,0.548828
1,4,0.656250,-0.125003,42.000000,0.287109,0.589844
