FrameNumber, ObjectNumber,Range,Velocity,PeakValue,x,y
0,0,0.000000,0.000000,0.000000,0.000000,0.000000
1,1,0.281250,-0.125003,116.000000,0.052734,0.275391
1,2,0.328125,-0.125003,168.000000,0.072266,0.320312
