FrameNumber, ObjectNumber,Range,Velocity,PeakValue,x,y
0,0,0.000000,0.000000,0.000000,0.000000,0.000000
1,1,0.328125,-0.125003,166.000000,-0.050781,0.324219
2,1,0.281250,0.000000,107.000000,0.035156,0.279297
2,2,0.328125,0.000000,254.000000,0.041016,0.326172
2,3,0.375000,0.000000,222.000000,0.046875,0.373047
2,4,0.281250,0.125003,217.000000,0.027344,0.279297
2,5,0.328125,0.125003,486.000000,0.041016,0.326172
2,6,0.375000,0.125003,420.000000,0.046875,0.373047
2,7,0.421875,0.125003,125.000000,0.039062,0.419922
2,8,0.281250,0.250007,105.000000,0.027344,0.279297
2,9,0.328125,0.250007,243.000000,0.031250,0.326172
2,10,0.375000,0.250007,211.000000,0.035156,0.373047
2,11,0.421875,0.250007,63.000000,0.039062,0.419922
3,1,0.328125,0.000000,222.000000,0.062500,0.322266
3,2,0.375000,0.000000,215.000000,0.070312,0.369141
3,3,0.281250,0.125003,134.000000,0.052734,0.275391
3,4,0.328125,0.125003,417.000000,0.062500,0.322266
3,5,0.375000,0.125003,408.000000,0.070312,0.369141
3,6,0.281250,0.250007,72.000000,0.052734,0.275391
3,7,0.328125,0.250007,222.000000,0.062500,0.322266
3,8,0.375000,0.250007,216.000000,0.070312,0.369141
4,1,0.234375,0.000000,97.000000,0.037109,0.232422
4,2,0.281250,0.000000,155.000000,0.044922,0.277344
4,3,0.234375,0.125003,226.000000,0.029297,0.232422
4,4,0.281250,0.125003,350.000000,0.035156,0.279297
4,5,0.328125,0.125003,277.000000,0.062500,0.322266
4,6,0.234375,0.250007,92.000000,0.029297,0.232422
4,7,0.281250,0.250007,146.000000,0.035156,0.279297
4,8,0.328125,0.250007,128.000000,0.062500,0.322266
5,1,0.234375,0.000000,97.000000,0.037109,0.232422
5,2,0.281250,0.000000,155.000000,0.044922,0.277344
5,3,0.234375,0.125003,226.000000,0.029297,0.232422
5,4,0.281250,0.125003,350.000000,0.035156,0.279297
5,5,0.328125,0.125003,277.000000,0.062500,0.322266
5,6,0.234375,0.250007,92.000000,0.029297,0.232422
5,7,0.281250,0.250007,146.000000,0.035156,0.279297
5,8,0.328125,0.250007,128.000000,0.062500,0.322266
6,1,0.281250,0.125003,174.000000,-0.017578,0.281250
