FrameNumber, ObjectNumber,Range,Velocity,PeakValue,x,y
0,0,0.000000,0.000000,0.000000,0.000000,0.000000
1,1,0.421875,0.000000,192.000000,-0.013672,0.421875
1,2,0.468750,0.000000,229.000000,-0.015625,0.468750
1,3,0.421875,-0.250007,164.000000,0.000000,0.421875
1,4,0.468750,-0.250007,207.000000,0.000000,0.468750
1,5,0.421875,-0.125003,305.000000,-0.027344,0.421875
1,6,0.468750,-0.125003,410.000000,-0.015625,0.468750
2,1,0.421875,-0.250007,77.000000,0.013672,0.421875
2,2,0.375000,-0.125003,138.000000,-0.011719,0.375000
2,3,0.421875,-0.125003,207.000000,0.000000,0.421875
2,4,0.468750,-0.125003,179.000000,0.015625,0.468750
3,1,0.375000,0.250007,102.000000,-0.035156,0.373047
3,2,0.421875,0.250007,112.000000,-0.039062,0.419922
3,3,0.421875,-0.250007,82.000000,0.091797,0.412109
3,4,0.468750,-0.250007,73.000000,0.087891,0.460938
3,5,0.421875,-0.125003,199.000000,0.080078,0.414062
3,6,0.468750,-0.125003,179.000000,0.074219,0.462891
4,1,0.328125,0.000000,48.000000,0.031250,0.326172
4,2,0.375000,0.000000,75.000000,0.023438,0.375000
4,3,0.375000,-0.250007,64.000000,0.046875,0.373047
4,4,0.375000,-0.125003,169.000000,0.023438,0.375000
5,1,0.421875,0.125003,80.000000,-0.039062,0.419922
6,1,0.421875,0.125003,80.000000,-0.039062,0.419922
7,1,0.421875,0.125003,80.000000,-0.039062,0.419922
