FrameNumber, ObjectNumber,Range,Velocity,PeakValue,x,y
0,0,0.000000,0.000000,0.000000,0.000000,0.000000
1,1,0.328125,-0.250007,51.000000,-0.072266,0.320312
1,2,0.328125,-0.125003,134.000000,-0.082031,0.318359
1,3,0.375000,-0.125003,127.000000,-0.093750,0.363281
2,1,0.328125,0.125003,223.000000,0.031250,0.326172
3,1,0.328125,0.000000,172.000000,0.062500,0.322266
3,2,0.375000,0.000000,154.000000,0.070312,0.369141
3,3,0.281250,0.125003,141.000000,0.052734,0.275391
3,4,0.328125,0.125003,395.000000,0.050781,0.324219
3,5,0.375000,0.125003,359.000000,0.058594,0.371094
3,6,0.281250,0.250007,57.000000,0.044922,0.277344
3,7,0.328125,0.250007,159.000000,0.050781,0.324219
3,8,0.375000,0.250007,143.000000,0.058594,0.371094
4,1,0.328125,0.000000,171.000000,0.072266,0.320312
4,2,0.375000,0.000000,163.000000,0.082031,0.365234
4,3,0.281250,0.125003,151.000000,0.052734,0.275391
4,4,0.328125,0.125003,409.000000,0.062500,0.322266
4,5,0.375000,0.125003,387.000000,0.070312,0.369141
4,6,0.421875,0.125003,122.000000,0.080078,0.414062
4,7,0.281250,0.250007,58.000000,0.052734,0.275391
4,8,0.328125,0.250007,161.000000,0.062500,0.322266
4,9,0.375000,0.250007,153.000000,0.070312,0.369141
4,10,0.421875,0.250007,48.000000,0.080078,0.414062
5,1,0.234375,0.000000,52.000000,0.021484,0.232422
5,2,0.281250,0.000000,72.000000,0.027344,0.279297
5,3,0.234375,0.125003,54.000000,0.015625,0.234375
5,4,0.281250,0.125003,86.000000,0.035156,0.279297
5,5,0.328125,0.125003,114.000000,0.062500,0.322266
5,6,0.375000,0.125003,102.000000,0.082031,0.365234
5,7,0.234375,-0.250007,48.000000,0.021484,0.232422
5,8,0.281250,-0.250007,67.000000,0.035156,0.279297
5,9,0.234375,-0.125003,143.000000,0.015625,0.234375
5,10,0.281250,-0.125003,196.000000,0.017578,0.281250
5,11,0.234375,-0.250007,35.000000,-0.058594,0.226562
5,12,0.281250,-0.250007,53.000000,-0.070312,0.271484
6,1,0.234375,0.125003,61.000000,0.021484,0.232422
6,2,0.281250,0.125003,81.000000,0.027344,0.279297
6,3,0.609375,-0.125003,81.000000,0.132812,0.593750
7,1,0.234375,0.125003,61.000000,0.021484,0.232422
7,2,0.281250,0.125003,81.000000,0.027344,0.279297
7,3,0.609375,-0.125003,81.000000,0.132812,0.593750
8,1,0.609375,0.000000,30.000000,0.132812,0.593750
8,2,0.609375,-0.125003,58.000000,0.115234,0.599609
