FrameNumber, ObjectNumber,Range,Velocity,PeakValue,x,y
0,0,0.000000,0.000000,0.000000,0.000000,0.000000
1,1,0.281250,0.000000,29.000000,0.009766,0.281250
1,2,0.328125,0.000000,43.000000,0.000000,0.328125
1,3,0.328125,-0.250007,48.000000,0.009766,0.328125
1,4,0.281250,-0.125003,100.000000,0.009766,0.281250
1,5,0.328125,-0.125003,139.000000,0.000000,0.328125
2,1,0.281250,0.000000,63.000000,0.009766,0.281250
2,2,0.328125,0.000000,72.000000,0.009766,0.328125
2,3,0.281250,-0.125003,166.000000,0.000000,0.281250
