FrameNumber, ObjectNumber,Range,Velocity,PeakValue,x,y
0,0,0.000000,0.000000,0.000000,0.000000,0.000000
1,1,0.375000,0.000000,114.000000,0.117188,0.355469
2,1,0.375000,0.000000,142.000000,0.105469,0.359375
3,1,0.375000,0.000000,142.000000,0.105469,0.359375
4,1,0.609375,0.000000,43.000000,0.132812,0.593750
4,2,0.562500,0.125003,66.000000,0.105469,0.552734
4,3,0.609375,0.125003,125.000000,0.115234,0.599609
4,4,0.609375,0.250007,48.000000,0.115234,0.599609
4,5,0.609375,-0.125003,57.000000,0.115234,0.599609
5,1,0.328125,0.000000,152.000000,-0.031250,0.326172
5,2,0.375000,0.000000,170.000000,-0.046875,0.373047
5,3,0.421875,0.000000,80.000000,-0.052734,0.417969
5,4,0.375000,0.125003,282.000000,-0.046875,0.373047
5,5,0.328125,0.250007,130.000000,-0.031250,0.326172
5,6,0.375000,0.250007,159.000000,-0.046875,0.373047
6,1,0.281250,0.000000,69.000000,0.000000,0.281250
6,2,0.328125,0.000000,128.000000,-0.021484,0.328125
6,3,0.375000,0.000000,149.000000,-0.035156,0.373047
6,4,0.421875,0.000000,80.000000,-0.039062,0.419922
6,5,0.328125,0.125003,270.000000,-0.031250,0.326172
6,6,0.375000,0.125003,319.000000,-0.035156,0.373047
6,7,0.421875,0.125003,176.000000,-0.052734,0.417969
6,8,0.328125,0.250007,122.000000,-0.031250,0.326172
6,9,0.375000,0.250007,138.000000,-0.046875,0.373047
6,10,0.421875,0.250007,73.000000,-0.052734,0.417969
7,1,0.328125,0.125003,102.000000,0.031250,0.326172
8,1,0.328125,0.000000,14.000000,0.031250,0.326172
8,2,0.281250,0.125003,45.000000,0.017578,0.281250
8,3,0.328125,0.125003,62.000000,0.031250,0.326172
8,4,0.375000,0.125003,44.000000,0.046875,0.373047
8,5,0.328125,0.250007,21.000000,0.031250,0.326172
9,1,0.328125,0.000000,14.000000,0.031250,0.326172
9,2,0.281250,0.125003,45.000000,0.017578,0.281250
9,3,0.328125,0.125003,62.000000,0.031250,0.326172
9,4,0.375000,0.125003,44.000000,0.046875,0.373047
9,5,0.328125,0.250007,21.000000,0.031250,0.326172
10,1,0.375000,0.000000,15.000000,-0.023438,0.375000
11,1,0.375000,0.000000,15.000000,-0.023438,0.375000
