FrameNumber, ObjectNumber,Range,Velocity,PeakValue,x,y
0,0,0.000000,0.000000,0.000000,0.000000,0.000000
1,1,0.562500,0.125003,60.000000,-0.193359,0.527344
2,1,0.562500,0.125003,60.000000,-0.193359,0.527344
3,1,0.562500,0.125003,74.000000,-0.193359,0.527344
3,2,0.609375,0.125003,51.000000,-0.208984,0.572266
4,1,0.562500,0.125003,70.000000,-0.193359,0.527344
5,1,0.421875,-0.250007,274.000000,-0.066406,0.416016
