FrameNumber, ObjectNumber,Range,Velocity,PeakValue,x,y
0,0,0.000000,0.000000,0.000000,0.000000,0.000000
1,1,0.375000,0.375010,89.000000,0.058594,0.371094
1,2,0.421875,0.375010,126.000000,0.066406,0.416016
1,3,0.468750,0.375010,68.000000,0.074219,0.462891
2,1,0.375000,0.375010,86.000000,0.046875,0.373047
2,2,0.421875,0.375010,118.000000,0.052734,0.417969
3,1,0.375000,-0.250007,128.000000,0.000000,0.375000
3,2,0.421875,-0.250007,189.000000,0.000000,0.421875
3,3,0.468750,-0.250007,130.000000,-0.015625,0.468750
3,4,0.375000,-0.125003,294.000000,-0.011719,0.375000
3,5,0.421875,-0.125003,401.000000,-0.013672,0.421875
3,6,0.468750,-0.125003,274.000000,-0.044922,0.466797
4,1,0.328125,-0.250007,114.000000,-0.031250,0.326172
4,2,0.375000,-0.250007,182.000000,-0.058594,0.371094
4,3,0.421875,-0.250007,231.000000,-0.080078,0.414062
4,4,0.468750,-0.250007,169.000000,-0.103516,0.457031
4,5,0.328125,-0.125003,225.000000,-0.031250,0.326172
4,6,0.375000,-0.125003,319.000000,-0.058594,0.371094
4,7,0.421875,-0.125003,353.000000,-0.091797,0.412109
5,1,0.562500,-0.500013,26.000000,0.035156,0.560547
5,2,0.562500,-0.375010,36.000000,0.017578,0.562500
6,1,0.562500,-0.500013,26.000000,0.035156,0.560547
6,2,0.562500,-0.375010,36.000000,0.017578,0.562500
7,1,0.562500,0.375010,38.000000,0.017578,0.562500
8,1,0.562500,0.375010,38.000000,0.017578,0.562500
