FrameNumber, ObjectNumber,Range,Velocity,PeakValue,x,y
0,0,0.000000,0.000000,0.000000,0.000000,0.000000
1,1,0.562500,-0.125003,47.000000,-0.193359,0.527344
2,1,0.421875,0.125003,237.000000,0.066406,0.416016
2,2,0.468750,0.125003,170.000000,0.058594,0.464844
2,3,0.421875,0.250007,92.000000,0.052734,0.417969
3,1,0.421875,0.125003,237.000000,0.066406,0.416016
3,2,0.468750,0.125003,170.000000,0.058594,0.464844
3,3,0.421875,0.250007,92.000000,0.052734,0.417969
4,1,0.421875,0.000000,307.000000,-0.066406,0.416016
4,2,0.468750,0.000000,229.000000,-0.074219,0.462891
4,3,0.375000,-0.250007,187.000000,-0.058594,0.371094
4,4,0.421875,-0.250007,396.000000,-0.052734,0.417969
4,5,0.468750,-0.250007,300.000000,-0.074219,0.462891
4,6,0.421875,-0.125003,597.000000,-0.080078,0.414062
5,1,0.421875,0.000000,307.000000,-0.066406,0.416016
5,2,0.468750,0.000000,229.000000,-0.074219,0.462891
5,3,0.375000,-0.250007,187.000000,-0.058594,0.371094
5,4,0.421875,-0.250007,396.000000,-0.052734,0.417969
5,5,0.468750,-0.250007,300.000000,-0.074219,0.462891
5,6,0.421875,-0.125003,597.000000,-0.080078,0.414062
6,1,0.421875,0.000000,202.000000,-0.091797,0.412109
6,2,0.421875,-0.250007,224.000000,-0.080078,0.414062
