FrameNumber, ObjectNumber,Range,Velocity,PeakValue,x,y
0,0,0.000000,0.000000,0.000000,0.000000,0.000000
1,1,0.328125,0.000000,54.000000,-0.041016,0.326172
2,1,0.328125,0.000000,54.000000,-0.041016,0.326172
3,1,0.375000,0.000000,21.000000,0.058594,0.371094
4,1,0.375000,0.000000,82.000000,-0.070312,0.369141
5,1,0.421875,0.125003,299.000000,0.052734,0.417969
5,2,0.375000,0.250007,109.000000,0.058594,0.371094
5,3,0.421875,0.250007,149.000000,0.052734,0.417969
6,1,0.375000,0.250007,118.000000,0.035156,0.373047
6,2,0.421875,0.250007,156.000000,0.039062,0.419922
7,1,0.328125,0.000000,111.000000,-0.031250,0.326172
7,2,0.375000,0.250007,185.000000,0.023438,0.375000
7,3,0.421875,0.250007,231.000000,0.027344,0.421875
7,4,0.375000,0.375010,91.000000,0.011719,0.375000
7,5,0.421875,0.375010,128.000000,0.013672,0.421875
7,6,0.468750,0.375010,66.000000,0.015625,0.468750
8,1,0.328125,0.000000,111.000000,-0.031250,0.326172
8,2,0.375000,0.250007,185.000000,0.023438,0.375000
8,3,0.421875,0.250007,231.000000,0.027344,0.421875
8,4,0.375000,0.375010,91.000000,0.011719,0.375000
8,5,0.421875,0.375010,128.000000,0.013672,0.421875
8,6,0.468750,0.375010,66.000000,0.015625,0.468750
9,1,0.375000,0.000000,139.000000,-0.011719,0.375000
9,2,0.421875,0.000000,198.000000,-0.013672,0.421875
9,3,0.375000,0.125003,221.000000,-0.011719,0.375000
9,4,0.421875,0.125003,412.000000,-0.013672,0.421875
9,5,0.468750,0.125003,285.000000,-0.015625,0.468750
9,6,0.375000,0.250007,223.000000,-0.023438,0.375000
9,7,0.421875,0.250007,383.000000,-0.013672,0.421875
9,8,0.468750,0.250007,237.000000,-0.015625,0.468750
9,9,0.375000,0.375010,67.000000,-0.023438,0.375000
9,10,0.421875,0.375010,110.000000,-0.027344,0.421875
9,11,0.468750,0.375010,67.000000,-0.015625,0.468750
10,1,0.375000,0.000000,139.000000,-0.011719,0.375000
10,2,0.421875,0.000000,198.000000,-0.013672,0.421875
10,3,0.375000,0.125003,221.000000,-0.011719,0.375000
10,4,0.421875,0.125003,412.000000,-0.013672,0.421875
10,5,0.468750,0.125003,285.000000,-0.015625,0.468750
10,6,0.375000,0.250007,223.000000,-0.023438,0.375000
10,7,0.421875,0.250007,383.000000,-0.013672,0.421875
10,8,0.468750,0.250007,237.000000,-0.015625,0.468750
10,9,0.375000,0.375010,67.000000,-0.023438,0.375000
10,10,0.421875,0.375010,110.000000,-0.027344,0.421875
10,11,0.468750,0.375010,67.000000,-0.015625,0.468750
11,1,0.421875,0.250007,175.000000,-0.052734,0.417969
12,1,0.328125,0.125003,143.000000,-0.072266,0.320312
12,2,0.375000,0.125003,160.000000,-0.082031,0.365234
