FrameNumber, ObjectNumber,Range,Velocity,PeakValue,x,y
0,0,0.000000,0.000000,0.000000,0.000000,0.000000
1,1,0.375000,0.000000,230.000000,0.046875,0.373047
1,2,0.421875,0.000000,239.000000,0.066406,0.416016
1,3,0.375000,0.125003,472.000000,0.046875,0.373047
1,4,0.421875,0.125003,486.000000,0.052734,0.417969
1,5,0.328125,0.250007,114.000000,0.031250,0.326172
1,6,0.375000,0.250007,391.000000,0.035156,0.373047
1,7,0.421875,0.250007,407.000000,0.039062,0.419922
1,8,0.468750,0.250007,137.000000,0.058594,0.464844
1,9,0.375000,0.375010,84.000000,0.023438,0.375000
1,10,0.421875,0.375010,89.000000,0.027344,0.421875
1,11,0.375000,0.000000,210.000000,-0.082031,0.365234
1,12,0.421875,0.000000,211.000000,-0.091797,0.412109
2,1,0.328125,0.000000,148.000000,-0.009766,0.328125
2,2,0.375000,0.000000,222.000000,0.011719,0.375000
2,3,0.328125,0.125003,245.000000,0.009766,0.328125
2,4,0.375000,0.125003,436.000000,0.023438,0.375000
2,5,0.421875,0.125003,416.000000,0.027344,0.421875
2,6,0.328125,0.250007,152.000000,0.009766,0.328125
2,7,0.375000,0.250007,345.000000,0.023438,0.375000
2,8,0.421875,0.250007,361.000000,0.027344,0.421875
2,9,0.468750,0.250007,144.000000,0.029297,0.468750
2,10,0.375000,0.375010,73.000000,0.023438,0.375000
2,11,0.421875,0.375010,92.000000,0.013672,0.421875
2,12,0.468750,0.375010,43.000000,0.015625,0.468750
3,1,0.328125,0.000000,148.000000,-0.009766,0.328125
3,2,0.375000,0.000000,222.000000,0.011719,0.375000
3,3,0.328125,0.125003,245.000000,0.009766,0.328125
3,4,0.375000,0.125003,436.000000,0.023438,0.375000
3,5,0.421875,0.125003,416.000000,0.027344,0.421875
3,6,0.328125,0.250007,152.000000,0.009766,0.328125
3,7,0.375000,0.250007,345.000000,0.023438,0.375000
3,8,0.421875,0.250007,361.000000,0.027344,0.421875
3,9,0.468750,0.250007,144.000000,0.029297,0.468750
3,10,0.375000,0.375010,73.000000,0.023438,0.375000
3,11,0.421875,0.375010,92.000000,0.013672,0.421875
3,12,0.468750,0.375010,43.000000,0.015625,0.468750
4,1,0.375000,0.125003,270.000000,0.000000,0.375000
4,2,0.421875,0.125003,369.000000,0.000000,0.421875
4,3,0.375000,0.250007,170.000000,0.000000,0.375000
4,4,0.421875,0.250007,232.000000,0.000000,0.421875
5,1,0.421875,0.125003,397.000000,-0.013672,0.421875
5,2,0.421875,0.250007,220.000000,-0.027344,0.421875
