FrameNumber, ObjectNumber,Range,Velocity,PeakValue,x,y
0,0,0.000000,0.000000,0.000000,0.000000,0.000000
1,1,0.375000,0.250007,239.000000,0.070312,0.369141
1,2,0.421875,0.250007,292.000000,0.080078,0.414062
1,3,0.468750,0.250007,130.000000,0.087891,0.460938
1,4,0.328125,0.375010,57.000000,0.050781,0.324219
1,5,0.375000,0.375010,201.000000,0.058594,0.371094
1,6,0.421875,0.375010,239.000000,0.066406,0.416016
1,7,0.468750,0.375010,101.000000,0.074219,0.462891
2,1,0.375000,0.250007,239.000000,0.070312,0.369141
2,2,0.421875,0.250007,292.000000,0.080078,0.414062
2,3,0.468750,0.250007,130.000000,0.087891,0.460938
2,4,0.328125,0.375010,57.000000,0.050781,0.324219
2,5,0.375000,0.375010,201.000000,0.058594,0.371094
2,6,0.421875,0.375010,239.000000,0.066406,0.416016
2,7,0.468750,0.375010,101.000000,0.074219,0.462891
3,1,0.421875,0.125003,286.000000,0.027344,0.421875
3,2,0.468750,0.125003,210.000000,0.029297,0.468750
3,3,0.375000,0.250007,285.000000,0.023438,0.375000
3,4,0.421875,0.250007,482.000000,0.027344,0.421875
3,5,0.468750,0.250007,302.000000,0.029297,0.468750
3,6,0.375000,0.375010,165.000000,0.023438,0.375000
3,7,0.421875,0.375010,258.000000,0.027344,0.421875
3,8,0.468750,0.375010,150.000000,0.029297,0.468750
4,1,0.421875,0.000000,224.000000,-0.039062,0.419922
4,2,0.421875,0.125003,471.000000,-0.039062,0.419922
4,3,0.375000,0.250007,173.000000,-0.035156,0.373047
4,4,0.421875,0.250007,331.000000,-0.039062,0.419922
4,5,0.468750,0.250007,227.000000,-0.044922,0.466797
5,1,0.421875,0.000000,176.000000,-0.080078,0.414062
5,2,0.421875,-0.125003,371.000000,-0.080078,0.414062
