FrameNumber, ObjectNumber,Range,Velocity,PeakValue,x,y
0,0,0.000000,0.000000,0.000000,0.000000,0.000000
1,1,0.328125,0.250007,107.000000,0.031250,0.326172
1,2,0.375000,0.250007,230.000000,0.035156,0.373047
1,3,0.421875,0.250007,172.000000,0.039062,0.419922
1,4,0.375000,0.375010,93.000000,0.023438,0.375000
1,5,0.421875,0.375010,76.000000,0.039062,0.419922
2,1,0.328125,0.250007,106.000000,0.000000,0.328125
2,2,0.375000,0.250007,314.000000,0.011719,0.375000
2,3,0.421875,0.250007,335.000000,0.013672,0.421875
2,4,0.328125,0.375010,134.000000,0.009766,0.328125
2,5,0.375000,0.375010,391.000000,0.000000,0.375000
2,6,0.421875,0.375010,400.000000,0.000000,0.421875
2,7,0.468750,0.375010,143.000000,0.000000,0.468750
2,8,0.328125,0.500013,57.000000,0.000000,0.328125
2,9,0.375000,0.500013,162.000000,0.000000,0.375000
2,10,0.421875,0.500013,164.000000,0.000000,0.421875
2,11,0.468750,0.500013,59.000000,0.000000,0.468750
3,1,0.375000,0.250007,230.000000,-0.035156,0.373047
3,2,0.421875,0.250007,327.000000,-0.027344,0.421875
3,3,0.468750,0.250007,176.000000,-0.029297,0.468750
3,4,0.375000,0.375010,124.000000,-0.035156,0.373047
3,5,0.421875,0.375010,158.000000,-0.039062,0.419922
3,6,0.468750,0.375010,70.000000,-0.044922,0.466797
3,7,0.328125,-0.375010,88.000000,0.000000,0.328125
3,8,0.375000,-0.375010,104.000000,-0.011719,0.375000
4,1,0.375000,0.250007,230.000000,-0.035156,0.373047
4,2,0.421875,0.250007,327.000000,-0.027344,0.421875
4,3,0.468750,0.250007,176.000000,-0.029297,0.468750
4,4,0.375000,0.375010,124.000000,-0.035156,0.373047
4,5,0.421875,0.375010,158.000000,-0.039062,0.419922
4,6,0.468750,0.375010,70.000000,-0.044922,0.466797
4,7,0.328125,-0.375010,88.000000,0.000000,0.328125
4,8,0.375000,-0.375010,104.000000,-0.011719,0.375000
