FrameNumber, ObjectNumber,Range,Velocity,PeakValue,x,y
0,0,0.000000,0.000000,0.000000,0.000000,0.000000
1,1,0.421875,0.000000,48.000000,-0.027344,0.421875
1,2,0.468750,0.000000,50.000000,-0.029297,0.468750
1,3,0.421875,0.125003,114.000000,-0.027344,0.421875
1,4,0.468750,0.125003,114.000000,-0.044922,0.466797
1,5,0.468750,0.250007,45.000000,-0.044922,0.466797
2,1,0.421875,0.000000,127.000000,-0.027344,0.421875
2,2,0.468750,0.000000,151.000000,-0.029297,0.468750
2,3,0.421875,0.125003,243.000000,-0.039062,0.419922
2,4,0.468750,0.125003,290.000000,-0.029297,0.468750
2,5,0.515625,0.125003,121.000000,-0.033203,0.515625
2,6,0.421875,0.250007,117.000000,-0.039062,0.419922
2,7,0.468750,0.250007,138.000000,-0.044922,0.466797
2,8,0.515625,0.250007,58.000000,-0.048828,0.513672
3,1,0.421875,0.000000,127.000000,-0.027344,0.421875
3,2,0.468750,0.000000,151.000000,-0.029297,0.468750
3,3,0.421875,0.125003,243.000000,-0.039062,0.419922
3,4,0.468750,0.125003,290.000000,-0.029297,0.468750
3,5,0.515625,0.125003,121.000000,-0.033203,0.515625
3,6,0.421875,0.250007,117.000000,-0.039062,0.419922
3,7,0.468750,0.250007,138.000000,-0.044922,0.466797
3,8,0.515625,0.250007,58.000000,-0.048828,0.513672
4,1,0.375000,0.000000,98.000000,0.023438,0.375000
4,2,0.421875,0.125003,236.000000,0.013672,0.421875
4,3,0.468750,0.125003,208.000000,0.000000,0.468750
4,4,0.421875,0.250007,176.000000,0.000000,0.421875
4,5,0.468750,0.250007,217.000000,-0.015625,0.468750
4,6,0.515625,0.250007,111.000000,-0.015625,0.515625
4,7,0.421875,0.375010,46.000000,-0.013672,0.421875
4,8,0.468750,0.375010,71.000000,-0.015625,0.468750
4,9,0.515625,0.375010,37.000000,-0.015625,0.515625
5,1,0.375000,0.000000,98.000000,0.023438,0.375000
5,2,0.421875,0.125003,236.000000,0.013672,0.421875
5,3,0.468750,0.125003,208.000000,0.000000,0.468750
5,4,0.421875,0.250007,176.000000,0.000000,0.421875
5,5,0.468750,0.250007,217.000000,-0.015625,0.468750
5,6,0.515625,0.250007,111.000000,-0.015625,0.515625
5,7,0.421875,0.375010,46.000000,-0.013672,0.421875
5,8,0.468750,0.375010,71.000000,-0.015625,0.468750
5,9,0.515625,0.375010,37.000000,-0.015625,0.515625
6,1,0.468750,0.000000,184.000000,0.074219,0.462891
6,2,0.515625,0.000000,135.000000,0.080078,0.509766
6,3,0.562500,0.000000,30.000000,0.087891,0.554688
6,4,0.468750,0.125003,382.000000,0.074219,0.462891
6,5,0.515625,0.125003,281.000000,0.080078,0.509766
6,6,0.562500,0.125003,65.000000,0.070312,0.558594
6,7,0.468750,0.250007,171.000000,0.074219,0.462891
