FrameNumber, ObjectNumber,Range,Velocity,PeakValue,x,y
0,0,0.000000,0.000000,0.000000,0.000000,0.000000
1,1,0.421875,0.125003,247.000000,-0.027344,0.421875
2,1,0.421875,0.125003,247.000000,-0.027344,0.421875
3,1,0.375000,0.000000,108.000000,-0.070312,0.369141
3,2,0.421875,0.000000,155.000000,-0.080078,0.414062
3,3,0.468750,0.000000,100.000000,-0.074219,0.462891
3,4,0.375000,0.125003,203.000000,-0.058594,0.371094
3,5,0.421875,0.125003,305.000000,-0.080078,0.414062
3,6,0.375000,0.250007,99.000000,-0.070312,0.369141
3,7,0.421875,0.250007,144.000000,-0.080078,0.414062
3,8,0.468750,0.250007,93.000000,-0.087891,0.460938
4,1,0.375000,0.000000,88.000000,-0.035156,0.373047
4,2,0.421875,0.000000,196.000000,-0.052734,0.417969
4,3,0.468750,0.000000,169.000000,-0.058594,0.464844
4,4,0.375000,0.125003,163.000000,-0.035156,0.373047
4,5,0.421875,0.125003,377.000000,-0.052734,0.417969
4,6,0.468750,0.125003,330.000000,-0.058594,0.464844
4,7,0.375000,0.250007,68.000000,-0.046875,0.373047
4,8,0.421875,0.250007,188.000000,-0.066406,0.416016
4,9,0.468750,0.250007,164.000000,-0.074219,0.462891
