FrameNumber, ObjectNumber,Range,Velocity,PeakValue,x,y
0,0,0.000000,0.000000,0.000000,0.000000,0.000000
1,1,0.375000,0.125003,247.000000,0.070312,0.369141
1,2,0.421875,0.125003,339.000000,0.080078,0.414062
1,3,0.468750,0.125003,180.000000,0.074219,0.462891
1,4,0.375000,0.250007,99.000000,0.058594,0.371094
1,5,0.421875,0.250007,134.000000,0.066406,0.416016
2,1,0.328125,0.000000,74.000000,0.009766,0.328125
2,2,0.328125,-0.125003,191.000000,0.009766,0.328125
3,1,0.281250,-0.125003,39.000000,0.009766,0.281250
3,2,0.328125,-0.125003,83.000000,0.021484,0.328125
4,1,0.281250,-0.125003,39.000000,0.009766,0.281250
4,2,0.328125,-0.125003,83.000000,0.021484,0.328125
5,1,0.281250,0.000000,75.000000,-0.017578,0.281250
5,2,0.328125,0.000000,187.000000,-0.031250,0.326172
5,3,0.375000,0.000000,257.000000,-0.046875,0.373047
5,4,0.421875,0.000000,264.000000,-0.052734,0.417969
5,5,0.468750,0.000000,138.000000,-0.058594,0.464844
5,6,0.281250,0.125003,162.000000,-0.017578,0.281250
5,7,0.328125,0.125003,399.000000,-0.021484,0.328125
5,8,0.375000,0.125003,515.000000,-0.035156,0.373047
5,9,0.421875,0.125003,510.000000,-0.066406,0.416016
5,10,0.468750,0.125003,266.000000,-0.074219,0.462891
5,11,0.281250,0.250007,96.000000,-0.017578,0.281250
5,12,0.328125,0.250007,250.000000,-0.031250,0.326172
5,13,0.375000,0.250007,340.000000,-0.046875,0.373047
5,14,0.421875,0.250007,322.000000,-0.066406,0.416016
5,15,0.468750,0.250007,162.000000,-0.074219,0.462891
5,16,0.328125,-0.250007,88.000000,0.041016,0.326172
5,17,0.375000,-0.250007,100.000000,0.058594,0.371094
5,18,0.328125,-0.125003,160.000000,0.031250,0.326172
5,19,0.375000,-0.125003,180.000000,0.035156,0.373047
6,1,0.281250,0.000000,71.000000,-0.017578,0.281250
6,2,0.328125,0.000000,159.000000,-0.021484,0.328125
6,3,0.375000,0.000000,127.000000,-0.058594,0.371094
6,4,0.421875,0.000000,196.000000,-0.066406,0.416016
6,5,0.468750,0.000000,139.000000,-0.074219,0.462891
6,6,0.281250,0.125003,141.000000,-0.027344,0.279297
6,7,0.328125,0.125003,317.000000,-0.021484,0.328125
6,8,0.375000,0.125003,245.000000,-0.058594,0.371094
6,9,0.421875,0.125003,373.000000,-0.080078,0.414062
6,10,0.468750,0.125003,272.000000,-0.074219,0.462891
6,11,0.281250,0.250007,73.000000,-0.027344,0.279297
6,12,0.328125,0.250007,171.000000,-0.031250,0.326172
6,13,0.375000,0.250007,153.000000,-0.058594,0.371094
6,14,0.421875,0.250007,189.000000,-0.080078,0.414062
6,15,0.468750,0.250007,129.000000,-0.087891,0.460938
