FrameNumber, ObjectNumber,Range,Velocity,PeakValue,x,y
0,0,0.000000,0.000000,0.000000,0.000000,0.000000
1,1,0.421875,0.000000,71.000000,-0.066406,0.416016
1,2,0.421875,0.125003,163.000000,-0.080078,0.414062
1,3,0.421875,0.250007,67.000000,-0.080078,0.414062
2,1,0.421875,0.000000,71.000000,-0.066406,0.416016
2,2,0.421875,0.125003,163.000000,-0.080078,0.414062
2,3,0.421875,0.250007,67.000000,-0.080078,0.414062
3,1,0.328125,0.000000,66.000000,0.009766,0.328125
3,2,0.375000,0.000000,103.000000,-0.082031,0.365234
3,3,0.421875,0.000000,143.000000,-0.091797,0.412109
3,4,0.468750,0.000000,91.000000,-0.087891,0.460938
3,5,0.421875,0.125003,240.000000,-0.091797,0.412109
3,6,0.468750,0.125003,160.000000,-0.103516,0.457031
3,7,0.421875,0.250007,125.000000,-0.091797,0.412109
3,8,0.468750,0.250007,85.000000,-0.103516,0.457031
3,9,0.375000,0.000000,92.000000,0.023438,0.375000
4,1,0.328125,0.000000,67.000000,-0.031250,0.326172
4,2,0.375000,0.000000,64.000000,-0.023438,0.375000
4,3,0.468750,0.000000,79.000000,-0.074219,0.462891
4,4,0.468750,0.125003,179.000000,-0.074219,0.462891
4,5,0.328125,0.250007,61.000000,-0.041016,0.326172
4,6,0.468750,0.250007,71.000000,-0.087891,0.460938
5,1,0.375000,0.000000,55.000000,0.046875,0.373047
5,2,0.421875,0.000000,67.000000,0.039062,0.419922
5,3,0.468750,0.000000,38.000000,0.029297,0.468750
5,4,0.421875,0.125003,157.000000,0.027344,0.421875
5,5,0.421875,0.250007,63.000000,0.027344,0.421875
6,1,0.375000,0.000000,55.000000,0.046875,0.373047
6,2,0.421875,0.000000,67.000000,0.039062,0.419922
6,3,0.468750,0.000000,38.000000,0.029297,0.468750
6,4,0.421875,0.125003,157.000000,0.027344,0.421875
6,5,0.421875,0.250007,63.000000,0.027344,0.421875
7,1,0.375000,0.000000,45.000000,0.046875,0.373047
7,2,0.421875,0.000000,47.000000,0.039062,0.419922
7,3,0.375000,0.125003,110.000000,0.035156,0.373047
7,4,0.421875,0.125003,117.000000,0.039062,0.419922
7,5,0.421875,0.250007,46.000000,0.027344,0.421875
