FrameNumber, ObjectNumber,Range,Velocity,PeakValue,x,y
0,0,0.000000,0.000000,0.000000,0.000000,0.000000
1,1,0.328125,0.125003,75.000000,0.021484,0.328125
1,2,0.328125,0.250007,27.000000,0.021484,0.328125
2,1,0.328125,0.125003,92.000000,0.021484,0.328125
2,2,0.375000,0.125003,128.000000,0.023438,0.375000
2,3,0.328125,0.250007,35.000000,0.021484,0.328125
2,4,0.375000,0.250007,48.000000,0.011719,0.375000
3,1,0.328125,0.125003,83.000000,0.021484,0.328125
3,2,0.375000,0.125003,111.000000,-0.058594,0.371094
3,3,0.421875,0.125003,137.000000,-0.080078,0.414062
3,4,0.328125,0.250007,38.000000,0.009766,0.328125
3,5,0.375000,0.250007,45.000000,-0.070312,0.369141
3,6,0.421875,0.250007,56.000000,-0.080078,0.414062
3,7,0.468750,0.250007,41.000000,0.044922,0.466797
3,8,0.421875,0.125003,102.000000,0.066406,0.416016
3,9,0.468750,0.250007,30.000000,-0.117188,0.453125
4,1,0.328125,0.125003,63.000000,-0.041016,0.326172
4,2,0.375000,0.125003,137.000000,-0.058594,0.371094
4,3,0.421875,0.125003,135.000000,-0.080078,0.414062
4,4,0.375000,0.250007,56.000000,-0.058594,0.371094
4,5,0.421875,0.250007,54.000000,-0.091797,0.412109
5,1,0.328125,0.125003,132.000000,-0.021484,0.328125
5,2,0.375000,0.125003,192.000000,-0.035156,0.373047
5,3,0.328125,0.250007,54.000000,-0.031250,0.326172
5,4,0.375000,0.250007,78.000000,-0.046875,0.373047
5,5,0.421875,0.250007,50.000000,0.066406,0.416016
5,6,0.468750,0.250007,46.000000,0.029297,0.468750
5,7,0.421875,0.250007,37.000000,-0.080078,0.414062
6,1,0.328125,0.125003,145.000000,0.000000,0.328125
6,2,0.375000,0.125003,222.000000,-0.011719,0.375000
6,3,0.328125,0.250007,59.000000,-0.009766,0.328125
6,4,0.375000,0.250007,89.000000,-0.011719,0.375000
7,1,0.328125,0.125003,145.000000,0.000000,0.328125
7,2,0.375000,0.125003,222.000000,-0.011719,0.375000
7,3,0.328125,0.250007,59.000000,-0.009766,0.328125
7,4,0.375000,0.250007,89.000000,-0.011719,0.375000
8,1,0.421875,0.125003,193.000000,0.039062,0.419922
8,2,0.375000,0.250007,58.000000,0.023438,0.375000
8,3,0.421875,0.250007,86.000000,0.039062,0.419922
8,4,0.468750,0.250007,58.000000,0.044922,0.466797
9,1,0.421875,0.250007,160.000000,0.052734,0.417969
9,2,0.468750,0.250007,108.000000,0.044922,0.466797
10,1,0.375000,0.250007,108.000000,0.011719,0.375000
10,2,0.421875,0.250007,235.000000,0.013672,0.421875
10,3,0.468750,0.250007,181.000000,0.015625,0.468750
10,4,0.375000,0.375010,43.000000,0.000000,0.375000
10,5,0.421875,0.375010,101.000000,0.000000,0.421875
10,6,0.468750,0.375010,84.000000,0.015625,0.468750
